Date,Ticker,Open,High,Low,Close,Volume
2024-11-20,AAPL,228.05999755859375,229.92999267578125,225.88999938964844,229.0,35169600
2024-11-21,AAPL,228.8800048828125,230.16000366210938,225.7100067138672,228.52000427246094,42108300
2024-11-22,AAPL,228.05999755859375,230.72000122070312,228.05999755859375,229.8699951171875,38168300
2024-11-25,AAPL,231.4600067138672,233.25,229.74000549316406,232.8699951171875,90152800
2024-11-26,AAPL,233.3300018310547,235.57000732421875,233.3300018310547,235.05999755859375,45986200
2024-11-27,AAPL,234.47000122070312,235.69000244140625,233.80999755859375,234.92999267578125,33498400
2024-11-29,AAPL,234.80999755859375,237.80999755859375,233.97000122070312,237.3300018310547,28481400
2024-12-02,AAPL,237.27000427246094,240.7899932861328,237.16000366210938,239.58999633789062,48137100
2024-12-03,AAPL,239.80999755859375,242.75999450683594,238.89999389648438,242.64999389648438,38861000
2024-12-04,AAPL,242.8699951171875,244.11000061035156,241.25,243.00999450683594,44383900
2024-12-05,AAPL,243.99000549316406,244.5399932861328,242.1300048828125,243.0399932861328,40033900
2024-12-06,AAPL,242.91000366210938,244.6300048828125,242.0800018310547,242.83999633789062,36870600
2024-12-09,AAPL,241.8300018310547,247.24000549316406,241.75,246.75,44649200
2024-12-10,AAPL,246.88999938964844,248.2100067138672,245.33999633789062,247.77000427246094,36914800
2024-12-11,AAPL,247.9600067138672,250.8000030517578,246.25999450683594,246.49000549316406,45205800
2024-12-12,AAPL,246.88999938964844,248.74000549316406,245.67999267578125,247.9600067138672,32777500
2024-12-13,AAPL,247.82000732421875,249.2899932861328,246.24000549316406,248.1300048828125,33155300
2024-12-16,AAPL,247.99000549316406,251.3800048828125,247.64999389648438,251.0399932861328,51694800
2024-12-17,AAPL,250.0800018310547,253.8300018310547,249.77999877929688,253.47999572753906,51356400
2024-12-18,AAPL,252.16000366210938,254.27999877929688,247.74000549316406,248.0500030517578,56774100
2024-12-19,AAPL,247.5,252.0,247.08999633789062,249.7899932861328,60882300
2024-12-20,AAPL,248.0399932861328,255.0,245.69000244140625,254.49000549316406,147495300
2024-12-23,AAPL,254.77000427246094,255.64999389648438,253.4499969482422,255.27000427246094,40858800
2024-12-24,AAPL,255.49000549316406,258.2099914550781,255.2899932861328,258.20001220703125,23234700
2024-12-26,AAPL,258.19000244140625,260.1000061035156,257.6300048828125,259.0199890136719,27237100
2024-12-27,AAPL,257.8299865722656,258.70001220703125,253.05999755859375,255.58999633789062,42355300
2024-12-30,AAPL,252.22999572753906,253.5,250.75,252.1999969482422,35557500
2024-12-31,AAPL,252.44000244140625,253.27999877929688,249.42999267578125,250.4199981689453,39480700
2025-01-02,AAPL,248.92999267578125,249.10000610351562,241.82000732421875,243.85000610351562,55740700
2025-01-03,AAPL,243.36000061035156,244.17999267578125,241.88999938964844,243.36000061035156,40244100
2025-01-06,AAPL,244.30999755859375,247.3300018310547,243.1999969482422,245.0,45045600
2025-01-07,AAPL,242.97999572753906,245.5500030517578,241.35000610351562,242.2100067138672,40856000
2025-01-08,AAPL,241.9199981689453,243.7100067138672,240.0500030517578,242.6999969482422,37628900
2025-01-10,AAPL,240.00999450683594,240.16000366210938,233.0,236.85000610351562,61710900
2025-01-13,AAPL,233.52999877929688,234.6699981689453,229.72000122070312,234.39999389648438,49630700
2025-01-14,AAPL,234.75,236.1199951171875,232.47000122070312,233.27999877929688,39435300
2025-01-15,AAPL,234.63999938964844,238.9600067138672,234.42999267578125,237.8699951171875,39832000
2025-01-16,AAPL,237.35000610351562,238.00999450683594,228.02999877929688,228.25999450683594,71759100
2025-01-17,AAPL,232.1199951171875,232.2899932861328,228.47999572753906,229.97999572753906,68488300
2025-01-21,AAPL,224.0,224.4199981689453,219.3800048828125,222.63999938964844,98070400
2025-01-22,AAPL,219.7899932861328,224.1199951171875,219.7899932861328,223.8300018310547,64126500
2025-01-23,AAPL,224.74000549316406,227.02999877929688,222.3000030517578,223.66000366210938,60234800
2025-01-24,AAPL,224.77999877929688,225.6300048828125,221.41000366210938,222.77999877929688,54697900
2025-01-27,AAPL,224.02000427246094,232.14999389648438,223.97999572753906,229.86000061035156,94863400
2025-01-28,AAPL,230.85000610351562,240.19000244140625,230.80999755859375,238.25999450683594,75707600
2025-01-29,AAPL,234.1199951171875,239.86000061035156,234.00999450683594,239.36000061035156,45486100
2025-01-30,AAPL,238.6699981689453,240.7899932861328,237.2100067138672,237.58999633789062,55658300
2025-01-31,AAPL,247.19000244140625,247.19000244140625,233.44000244140625,236.0,100959800
2025-02-03,AAPL,229.99000549316406,231.8300018310547,225.6999969482422,228.00999450683594,73063300
2025-02-04,AAPL,227.25,233.1300048828125,226.64999389648438,232.8000030517578,45067300
2025-02-05,AAPL,228.52999877929688,232.6699981689453,228.27000427246094,232.47000122070312,39620300
2025-02-06,AAPL,231.2899932861328,233.8000030517578,230.42999267578125,233.22000122070312,29925300
2025-02-07,AAPL,232.60000610351562,234.0,227.25999450683594,227.6300048828125,39707200
2025-02-10,AAPL,229.57000732421875,230.58999633789062,227.1999969482422,227.64999389648438,33115600
2025-02-11,AAPL,228.1999969482422,235.22999572753906,228.1300048828125,232.6199951171875,53718400
2025-02-12,AAPL,231.1999969482422,236.9600067138672,230.67999267578125,236.8699951171875,45243300
2025-02-13,AAPL,236.91000366210938,242.33999633789062,235.57000732421875,241.52999877929688,53614100
2025-02-14,AAPL,241.25,245.5500030517578,240.99000549316406,244.60000610351562,40896200
2025-02-18,AAPL,244.14999389648438,245.17999267578125,241.83999633789062,244.47000122070312,48822500
2025-02-19,AAPL,244.66000366210938,246.00999450683594,243.16000366210938,244.8699951171875,32204200
2025-02-20,AAPL,244.94000244140625,246.77999877929688,244.2899932861328,245.8300018310547,32316900
2025-02-21,AAPL,245.9499969482422,248.69000244140625,245.22000122070312,245.5500030517578,53197400
2025-02-24,AAPL,244.92999267578125,248.86000061035156,244.4199981689453,247.10000610351562,51326400
2025-02-25,AAPL,248.0,250.0,244.91000366210938,247.0399932861328,48013300
2025-02-26,AAPL,244.3300018310547,244.97999572753906,239.1300048828125,240.36000061035156,44433600
2025-02-27,AAPL,239.41000366210938,242.4600067138672,237.05999755859375,237.3000030517578,41153600
2025-02-28,AAPL,236.9499969482422,242.08999633789062,230.1999969482422,241.83999633789062,56833400
2025-03-03,AAPL,241.7899932861328,244.02999877929688,236.11000061035156,238.02999877929688,47184000
2025-03-04,AAPL,237.7100067138672,240.07000732421875,234.67999267578125,235.92999267578125,53798100
2025-03-05,AAPL,235.4199981689453,236.5500030517578,229.22999572753906,235.74000549316406,47227600
2025-03-06,AAPL,234.44000244140625,237.86000061035156,233.16000366210938,235.3300018310547,45170400
2025-03-07,AAPL,235.11000061035156,241.3699951171875,234.75999450683594,239.07000732421875,46273600
2025-03-10,AAPL,235.5399932861328,236.16000366210938,224.22000122070312,227.47999572753906,72071200
2025-03-11,AAPL,223.80999755859375,225.83999633789062,217.4499969482422,220.83999633789062,76137400
2025-03-12,AAPL,220.13999938964844,221.75,214.91000366210938,216.97999572753906,62547500
2025-03-13,AAPL,215.9499969482422,216.83999633789062,208.4199981689453,209.67999267578125,61368300
2025-03-14,AAPL,211.25,213.9499969482422,209.5800018310547,213.49000549316406,60107600
2025-03-17,AAPL,213.30999755859375,215.22000122070312,209.97000122070312,214.0,48073400
2025-03-18,AAPL,214.16000366210938,215.14999389648438,211.49000549316406,212.69000244140625,42432400
2025-03-19,AAPL,214.22000122070312,218.75999450683594,213.75,215.24000549316406,54385400
2025-03-20,AAPL,213.99000549316406,217.49000549316406,212.22000122070312,214.10000610351562,48862900
2025-03-21,AAPL,211.55999755859375,218.83999633789062,211.27999877929688,218.27000427246094,94127800
2025-03-24,AAPL,221.0,221.47999572753906,218.5800018310547,220.72999572753906,44299500
2025-03-25,AAPL,220.77000427246094,224.10000610351562,220.0800018310547,223.75,34493600
2025-03-26,AAPL,223.50999450683594,225.02000427246094,220.47000122070312,221.52999877929688,34466100
2025-03-27,AAPL,221.38999938964844,224.99000549316406,220.55999755859375,223.85000610351562,37094800
2025-03-28,AAPL,221.6699981689453,223.80999755859375,217.67999267578125,217.89999389648438,39818600
2025-03-31,AAPL,217.00999450683594,225.6199951171875,216.22999572753906,222.1300048828125,65299300
2025-04-01,AAPL,219.80999755859375,223.67999267578125,218.89999389648438,223.19000244140625,36412700
2025-04-02,AAPL,221.32000732421875,225.19000244140625,221.02000427246094,223.88999938964844,35905900
2025-04-03,AAPL,205.5399932861328,207.49000549316406,201.25,203.19000244140625,103419000
2025-04-04,AAPL,193.88999938964844,199.8800048828125,187.33999633789062,188.3800048828125,125910900
2025-04-07,AAPL,177.1999969482422,194.14999389648438,174.6199951171875,181.4600067138672,160466300
2025-04-08,AAPL,186.6999969482422,190.33999633789062,169.2100067138672,172.4199981689453,120859500
2025-04-09,AAPL,171.9499969482422,200.61000061035156,171.88999938964844,198.85000610351562,184395900
2025-04-10,AAPL,189.07000732421875,194.77999877929688,183.0,190.4199981689453,121880000
2025-04-11,AAPL,186.10000610351562,199.5399932861328,186.05999755859375,198.14999389648438,87435900
2025-04-14,AAPL,211.44000244140625,212.94000244140625,201.16000366210938,202.52000427246094,101352900
2025-04-15,AAPL,201.86000061035156,203.50999450683594,199.8000030517578,202.13999938964844,51343900
2025-04-16,AAPL,198.36000061035156,200.6999969482422,192.3699951171875,194.27000427246094,59732400
2025-04-17,AAPL,197.1999969482422,198.8300018310547,194.4199981689453,196.97999572753906,52164700
2025-04-21,AAPL,193.27000427246094,193.8000030517578,189.80999755859375,193.16000366210938,46742500
2025-04-22,AAPL,196.1199951171875,201.58999633789062,195.97000122070312,199.74000549316406,52976400
2025-04-23,AAPL,206.0,208.0,202.8000030517578,204.60000610351562,52929200
2025-04-24,AAPL,204.88999938964844,208.8300018310547,202.94000244140625,208.3699951171875,47311000
2025-04-25,AAPL,206.3699951171875,209.75,206.1999969482422,209.27999877929688,38222300
2025-04-28,AAPL,210.0,211.5,207.4600067138672,210.13999938964844,38743100
2025-04-29,AAPL,208.69000244140625,212.24000549316406,208.3699951171875,211.2100067138672,36827600
2025-04-30,AAPL,209.3000030517578,213.5800018310547,206.6699981689453,212.5,52286500
2025-05-01,AAPL,209.0800018310547,214.55999755859375,208.89999389648438,213.32000732421875,57365700
2025-05-02,AAPL,206.08999633789062,206.99000549316406,202.16000366210938,205.35000610351562,101010600
2025-05-05,AAPL,203.10000610351562,204.10000610351562,198.2100067138672,198.88999938964844,69018500
2025-05-06,AAPL,198.2100067138672,200.64999389648438,197.02000427246094,198.50999450683594,51216500
2025-05-07,AAPL,199.1699981689453,199.44000244140625,193.25,196.25,68536700
2025-05-08,AAPL,197.72000122070312,200.0500030517578,194.67999267578125,197.49000549316406,50478900
2025-05-09,AAPL,199.0,200.5399932861328,197.5399932861328,198.52999877929688,36453900
2025-05-12,AAPL,210.97000122070312,211.27000427246094,206.75,210.7899932861328,63775800
2025-05-13,AAPL,210.42999267578125,213.39999389648438,209.0,212.92999267578125,51909300
2025-05-14,AAPL,212.42999267578125,213.94000244140625,210.5800018310547,212.3300018310547,49325800
2025-05-15,AAPL,210.9499969482422,212.9600067138672,209.5399932861328,211.4499969482422,45029500
2025-05-16,AAPL,212.36000061035156,212.57000732421875,209.77000427246094,211.25999450683594,54737900
2025-05-19,AAPL,207.91000366210938,209.47999572753906,204.25999450683594,208.77999877929688,46140500
2025-05-20,AAPL,207.6699981689453,208.47000122070312,205.02999877929688,206.86000061035156,42496600
2025-05-21,AAPL,205.1699981689453,207.0399932861328,200.7100067138672,202.08999633789062,59211800
2025-05-22,AAPL,200.7100067138672,202.75,199.6999969482422,201.36000061035156,46742400
2025-05-23,AAPL,193.6699981689453,197.6999969482422,193.4600067138672,195.27000427246094,78432900
2025-05-27,AAPL,198.3000030517578,200.74000549316406,197.42999267578125,200.2100067138672,56288500
2025-05-28,AAPL,200.58999633789062,202.72999572753906,199.89999389648438,200.4199981689453,45339700
2025-05-29,AAPL,203.5800018310547,203.80999755859375,198.50999450683594,199.9499969482422,51396800
2025-05-30,AAPL,199.3699951171875,201.9600067138672,196.77999877929688,200.85000610351562,70819900
2025-06-02,AAPL,200.27999877929688,202.1300048828125,200.1199951171875,201.6999969482422,35423300
2025-06-03,AAPL,201.35000610351562,203.77000427246094,200.9600067138672,203.27000427246094,46381600
2025-06-04,AAPL,202.91000366210938,206.24000549316406,202.10000610351562,202.82000732421875,43604000
2025-06-05,AAPL,203.5,204.75,200.14999389648438,200.6300048828125,55126100
2025-06-06,AAPL,203.0,205.6999969482422,202.0500030517578,203.9199981689453,46607700
2025-06-09,AAPL,204.38999938964844,206.0,200.02000427246094,201.4499969482422,72862600
2025-06-10,AAPL,200.60000610351562,204.35000610351562,200.57000732421875,202.6699981689453,54672600
2025-06-11,AAPL,203.5,204.5,198.41000366210938,198.77999877929688,60989900
2025-06-12,AAPL,199.0800018310547,199.67999267578125,197.36000061035156,199.1999969482422,43904600
2025-06-13,AAPL,199.72999572753906,200.3699951171875,195.6999969482422,196.4499969482422,51447300
2025-06-16,AAPL,197.3000030517578,198.69000244140625,196.55999755859375,198.4199981689453,43020700
2025-06-17,AAPL,197.1999969482422,198.38999938964844,195.2100067138672,195.63999938964844,38856200
2025-06-18,AAPL,195.94000244140625,197.57000732421875,195.07000732421875,196.5800018310547,45394700
2025-06-20,AAPL,198.24000549316406,201.6999969482422,196.86000061035156,201.0,96813500
2025-06-23,AAPL,201.6300048828125,202.3000030517578,198.9600067138672,201.5,55814300
2025-06-24,AAPL,202.58999633789062,203.44000244140625,200.1999969482422,200.3000030517578,54064000
2025-06-25,AAPL,201.4499969482422,203.6699981689453,200.6199951171875,201.55999755859375,39525700
2025-06-26,AAPL,201.42999267578125,202.63999938964844,199.4600067138672,201.0,50799100
2025-06-27,AAPL,201.88999938964844,203.22000122070312,200.0,201.0800018310547,73188600
2025-06-30,AAPL,202.00999450683594,207.38999938964844,199.25999450683594,205.1699981689453,91912800
2025-07-01,AAPL,206.6699981689453,210.19000244140625,206.13999938964844,207.82000732421875,78788900
2025-07-02,AAPL,208.91000366210938,213.33999633789062,208.13999938964844,212.44000244140625,67941800
2025-07-03,AAPL,212.14999389648438,214.64999389648438,211.80999755859375,213.5500030517578,34955800
2025-07-07,AAPL,212.67999267578125,216.22999572753906,208.8000030517578,209.9499969482422,50229000
2025-07-08,AAPL,210.10000610351562,211.42999267578125,208.4499969482422,210.00999450683594,42848900
2025-07-09,AAPL,209.52999877929688,211.3300018310547,207.22000122070312,211.13999938964844,48749400
2025-07-10,AAPL,210.50999450683594,213.47999572753906,210.02999877929688,212.41000366210938,44443600
2025-07-11,AAPL,210.57000732421875,212.1300048828125,209.86000061035156,211.16000366210938,39765800
2025-07-14,AAPL,209.92999267578125,210.91000366210938,207.5399932861328,208.6199951171875,38840100
2025-07-15,AAPL,209.22000122070312,211.88999938964844,208.9199981689453,209.11000061035156,42296300
2025-07-16,AAPL,210.3000030517578,212.39999389648438,208.63999938964844,210.16000366210938,47490500
2025-07-17,AAPL,210.57000732421875,211.8000030517578,209.58999633789062,210.02000427246094,48068100
2025-07-18,AAPL,210.8699951171875,211.7899932861328,209.6999969482422,211.17999267578125,48974600
2025-07-21,AAPL,212.10000610351562,215.77999877929688,211.6300048828125,212.47999572753906,51377400
2025-07-22,AAPL,213.13999938964844,214.9499969482422,212.22999572753906,214.39999389648438,46404100
2025-07-23,AAPL,215.0,215.14999389648438,212.41000366210938,214.14999389648438,46989300
2025-07-24,AAPL,213.89999389648438,215.69000244140625,213.52999877929688,213.75999450683594,46022600
2025-07-25,AAPL,214.6999969482422,215.24000549316406,213.39999389648438,213.8800048828125,40268800
2025-07-28,AAPL,214.02999877929688,214.85000610351562,213.05999755859375,214.0500030517578,37858000
2025-07-29,AAPL,214.17999267578125,214.80999755859375,210.82000732421875,211.27000427246094,51411700
2025-07-30,AAPL,211.89999389648438,212.38999938964844,207.72000122070312,209.0500030517578,45512500
2025-07-31,AAPL,208.49000549316406,209.83999633789062,207.16000366210938,207.57000732421875,80698400
2025-08-01,AAPL,210.8699951171875,213.5800018310547,201.5,202.3800048828125,104434500
2025-08-04,AAPL,204.50999450683594,207.8800048828125,201.67999267578125,203.35000610351562,75109300
2025-08-05,AAPL,203.39999389648438,205.33999633789062,202.16000366210938,202.9199981689453,44155100
2025-08-06,AAPL,205.6300048828125,215.3800048828125,205.58999633789062,213.25,108483100
2025-08-07,AAPL,218.8800048828125,220.85000610351562,216.5800018310547,220.02999877929688,90224800
2025-08-08,AAPL,220.8300018310547,231.0,219.25,229.35000610351562,113854000
2025-08-11,AAPL,227.9199981689453,229.55999755859375,224.75999450683594,227.17999267578125,61806100
2025-08-12,AAPL,228.00999450683594,230.8000030517578,227.07000732421875,229.64999389648438,55626200
2025-08-13,AAPL,231.07000732421875,235.0,230.42999267578125,233.3300018310547,69878500
2025-08-14,AAPL,234.05999755859375,235.1199951171875,230.85000610351562,232.77999877929688,51916300
2025-08-15,AAPL,234.0,234.27999877929688,229.33999633789062,231.58999633789062,56038700
2025-08-18,AAPL,231.6999969482422,233.1199951171875,230.11000061035156,230.88999938964844,37476200
2025-08-19,AAPL,231.27999877929688,232.8699951171875,229.35000610351562,230.55999755859375,39402600
2025-08-20,AAPL,229.97999572753906,230.47000122070312,225.77000427246094,226.00999450683594,42263900
2025-08-21,AAPL,226.27000427246094,226.52000427246094,223.77999877929688,224.89999389648438,30621200
2025-08-22,AAPL,226.1699981689453,229.08999633789062,225.41000366210938,227.75999450683594,42477800
2025-08-25,AAPL,226.47999572753906,229.3000030517578,226.22999572753906,227.16000366210938,30983100
2025-08-26,AAPL,226.8699951171875,229.49000549316406,224.69000244140625,229.30999755859375,54575100
2025-08-27,AAPL,228.61000061035156,230.89999389648438,228.25999450683594,230.49000549316406,31259500
2025-08-28,AAPL,230.82000732421875,233.41000366210938,229.33999633789062,232.55999755859375,38074700
2025-08-29,AAPL,232.50999450683594,233.3800048828125,231.3699951171875,232.13999938964844,39418400
2025-09-02,AAPL,229.25,230.85000610351562,226.97000122070312,229.72000122070312,44075600
2025-09-03,AAPL,237.2100067138672,238.85000610351562,234.36000061035156,238.47000122070312,66427800
2025-09-04,AAPL,238.4499969482422,239.89999389648438,236.74000549316406,239.77999877929688,47549400
2025-09-05,AAPL,240.0,241.32000732421875,238.49000549316406,239.69000244140625,54870400
2025-09-08,AAPL,239.3000030517578,240.14999389648438,236.33999633789062,237.8800048828125,48999500
2025-09-09,AAPL,237.0,238.77999877929688,233.36000061035156,234.35000610351562,66313900
2025-09-10,AAPL,232.19000244140625,232.4199981689453,225.9499969482422,226.7899932861328,83440800
2025-09-11,AAPL,226.8800048828125,230.4499969482422,226.64999389648438,230.02999877929688,50208600
2025-09-12,AAPL,229.22000122070312,234.50999450683594,229.02000427246094,234.07000732421875,55824200
2025-09-15,AAPL,237.0,238.19000244140625,235.02999877929688,236.6999969482422,42699500
2025-09-16,AAPL,237.17999267578125,241.22000122070312,236.32000732421875,238.14999389648438,63421100
2025-09-17,AAPL,238.97000122070312,240.10000610351562,237.72999572753906,238.99000549316406,46508000
2025-09-18,AAPL,239.97000122070312,241.1999969482422,236.64999389648438,237.8800048828125,44249600
2025-09-19,AAPL,241.22999572753906,246.3000030517578,240.2100067138672,245.5,163741300
2025-09-22,AAPL,248.3000030517578,256.6400146484375,248.1199951171875,256.0799865722656,105517400
2025-09-23,AAPL,255.8800048828125,257.3399963378906,253.5800018310547,254.42999267578125,60275200
2025-09-24,AAPL,255.22000122070312,255.74000549316406,251.0399932861328,252.30999755859375,42303700
2025-09-25,AAPL,253.2100067138672,257.1700134277344,251.7100067138672,256.8699951171875,55202100
2025-09-26,AAPL,254.10000610351562,257.6000061035156,253.77999877929688,255.4600067138672,46076300
2025-09-29,AAPL,254.55999755859375,255.0,253.00999450683594,254.42999267578125,40127700
2025-09-30,AAPL,254.86000061035156,255.9199981689453,253.11000061035156,254.6300048828125,37704300
2025-10-01,AAPL,255.0399932861328,258.7900085449219,254.92999267578125,255.4499969482422,48713900
2025-10-02,AAPL,256.5799865722656,258.17999267578125,254.14999389648438,257.1300048828125,42630200
2025-10-03,AAPL,254.6699981689453,259.239990234375,253.9499969482422,258.0199890136719,49155600
2025-10-06,AAPL,257.989990234375,259.07000732421875,255.0500030517578,256.69000244140625,44664100
2025-10-07,AAPL,256.80999755859375,257.3999938964844,255.42999267578125,256.4800109863281,31955800
2025-10-08,AAPL,256.5199890136719,258.5199890136719,256.1099853515625,258.05999755859375,36496900
2025-10-09,AAPL,257.80999755859375,258.0,253.13999938964844,254.0399932861328,38322000
2025-10-10,AAPL,254.94000244140625,256.3800048828125,244.0,245.27000427246094,61999100
2025-10-13,AAPL,249.3800048828125,249.69000244140625,245.55999755859375,247.66000366210938,38142900
2025-10-14,AAPL,246.60000610351562,248.85000610351562,244.6999969482422,247.77000427246094,35478000
2025-10-15,AAPL,249.49000549316406,251.82000732421875,247.47000122070312,249.33999633789062,33893600
2025-10-16,AAPL,248.25,249.0399932861328,245.1300048828125,247.4499969482422,39777000
2025-10-17,AAPL,248.02000427246094,253.3800048828125,247.27000427246094,252.2899932861328,49147000
2025-10-20,AAPL,255.88999938964844,264.3800048828125,255.6300048828125,262.239990234375,90483000
2025-10-21,AAPL,261.8800048828125,265.2900085449219,261.8299865722656,262.7699890136719,46695900
2025-10-22,AAPL,262.6499938964844,262.8500061035156,255.42999267578125,258.45001220703125,45015300
2025-10-23,AAPL,259.94000244140625,260.6199951171875,258.010009765625,259.5799865722656,32754900
2025-10-24,AAPL,261.19000244140625,264.1300048828125,259.17999267578125,262.82000732421875,38253700
2025-10-27,AAPL,264.8800048828125,269.1199951171875,264.6499938964844,268.80999755859375,44888200
2025-10-28,AAPL,268.989990234375,269.8900146484375,268.1499938964844,269.0,41534800
2025-10-29,AAPL,269.2799987792969,271.4100036621094,267.1099853515625,269.70001220703125,51086700
2025-10-30,AAPL,271.989990234375,274.1400146484375,268.4800109863281,271.3999938964844,69886500
2025-10-31,AAPL,276.989990234375,277.32000732421875,269.1600036621094,270.3699951171875,86167100
2025-11-03,AAPL,270.4200134277344,270.8500061035156,266.25,269.04998779296875,50194600
2025-11-04,AAPL,268.3299865722656,271.489990234375,267.6199951171875,270.0400085449219,49274800
2025-11-05,AAPL,268.6099853515625,271.70001220703125,266.92999267578125,270.1400146484375,43683100
2025-11-06,AAPL,267.8900146484375,273.3999938964844,267.8900146484375,269.7699890136719,51204000
2025-11-07,AAPL,269.79998779296875,272.2900085449219,266.7699890136719,268.4700012207031,48227400
2025-11-10,AAPL,268.9599914550781,273.7300109863281,267.4599914550781,269.42999267578125,41312400
2025-11-11,AAPL,269.80999755859375,275.9100036621094,269.79998779296875,275.25,46208300
2025-11-12,AAPL,275.0,275.7300109863281,271.70001220703125,273.4700012207031,48398000
2025-11-13,AAPL,274.1099853515625,276.70001220703125,272.0899963378906,272.95001220703125,49602800
2025-11-14,AAPL,271.04998779296875,275.9599914550781,269.6000061035156,272.4100036621094,47431300
2025-11-17,AAPL,268.82000732421875,270.489990234375,265.7300109863281,267.4599914550781,45018300
2025-11-18,AAPL,269.989990234375,270.7099914550781,265.32000732421875,267.44000244140625,45634800
2025-11-19,AAPL,265.5249938964844,271.5350036621094,265.5,271.5256042480469,7783671
2024-11-20,TSLA,345.0,346.6000061035156,334.29998779296875,342.0299987792969,66340700
2024-11-21,TSLA,343.80999755859375,347.989990234375,335.2799987792969,339.6400146484375,58011700
2024-11-22,TSLA,341.0899963378906,361.5299987792969,337.70001220703125,352.55999755859375,89140700
2024-11-25,TSLA,360.1400146484375,361.92999267578125,338.20001220703125,338.5899963378906,95890900
2024-11-26,TSLA,341.0,346.9599914550781,335.6600036621094,338.2300109863281,62295900
2024-11-27,TSLA,341.79998779296875,342.54998779296875,326.5899963378906,332.8900146484375,57896400
2024-11-29,TSLA,336.0799865722656,345.45001220703125,334.6499938964844,345.1600036621094,37167600
2024-12-02,TSLA,352.3800048828125,360.0,351.1499938964844,357.0899963378906,77986500
2024-12-03,TSLA,351.79998779296875,355.69000244140625,348.20001220703125,351.4200134277344,58267200
2024-12-04,TSLA,353.0,358.1000061035156,348.6000061035156,357.92999267578125,50810900
2024-12-05,TSLA,359.8699951171875,375.42999267578125,359.5,369.489990234375,81403600
2024-12-06,TSLA,377.4200134277344,389.489990234375,370.79998779296875,389.2200012207031,81455800
2024-12-09,TSLA,397.6099853515625,404.79998779296875,378.010009765625,389.7900085449219,96359200
2024-12-10,TSLA,392.67999267578125,409.7300109863281,390.8500061035156,400.989990234375,97563600
2024-12-11,TSLA,409.70001220703125,424.8800048828125,402.3800048828125,424.7699890136719,104287600
2024-12-12,TSLA,424.8399963378906,429.29998779296875,415.0,418.1000061035156,87752200
2024-12-13,TSLA,420.0,436.29998779296875,415.7099914550781,436.2300109863281,89000200
2024-12-16,TSLA,441.0899963378906,463.19000244140625,436.1499938964844,463.0199890136719,114083800
2024-12-17,TSLA,475.8999938964844,483.989990234375,457.510009765625,479.8599853515625,131223000
2024-12-18,TSLA,466.5,488.5400085449219,427.010009765625,440.1300048828125,149340800
2024-12-19,TSLA,451.8800048828125,456.3599853515625,420.0199890136719,436.1700134277344,118566100
2024-12-20,TSLA,425.510009765625,447.0799865722656,417.6400146484375,421.05999755859375,132216200
2024-12-23,TSLA,431.0,434.510009765625,415.4100036621094,430.6000061035156,72698100
2024-12-24,TSLA,435.8999938964844,462.7799987792969,435.1400146484375,462.2799987792969,59551800
2024-12-26,TSLA,465.1600036621094,465.3299865722656,451.0199890136719,454.1300048828125,76366400
2024-12-27,TSLA,449.5199890136719,450.0,426.5,431.6600036621094,82666800
2024-12-30,TSLA,419.3999938964844,427.0,415.75,417.4100036621094,64941000
2024-12-31,TSLA,423.7900085449219,427.92999267578125,402.5400085449219,403.8399963378906,76825100
2025-01-02,TSLA,390.1000061035156,392.7300109863281,373.0400085449219,379.2799987792969,109710700
2025-01-03,TSLA,381.4800109863281,411.8800048828125,379.45001220703125,410.44000244140625,95423300
2025-01-06,TSLA,423.20001220703125,426.42999267578125,401.70001220703125,411.04998779296875,85516500
2025-01-07,TSLA,405.8299865722656,414.3299865722656,390.0,394.3599853515625,75699500
2025-01-08,TSLA,392.95001220703125,402.5,387.3999938964844,394.94000244140625,73038800
2025-01-10,TSLA,391.3999938964844,399.2799987792969,377.2900085449219,394.739990234375,62287300
2025-01-13,TSLA,383.2099914550781,403.7900085449219,380.07000732421875,403.30999755859375,67580500
2025-01-14,TSLA,414.3399963378906,422.6400146484375,394.5400085449219,396.3599853515625,84565000
2025-01-15,TSLA,409.8999938964844,429.79998779296875,405.6600036621094,428.2200012207031,81375500
2025-01-16,TSLA,423.489990234375,424.0,409.1300048828125,413.82000732421875,68335200
2025-01-17,TSLA,421.5,439.739990234375,419.75,426.5,94991400
2025-01-21,TSLA,432.6400146484375,433.20001220703125,406.30999755859375,424.07000732421875,87320900
2025-01-22,TSLA,416.80999755859375,428.0,414.5899963378906,415.1099853515625,60963300
2025-01-23,TSLA,416.05999755859375,420.7300109863281,408.95001220703125,412.3800048828125,50690600
2025-01-24,TSLA,414.45001220703125,418.8800048828125,405.7799987792969,406.5799865722656,56427100
2025-01-27,TSLA,394.79998779296875,406.69000244140625,389.0,397.1499938964844,58125500
2025-01-28,TSLA,396.9100036621094,400.5899963378906,386.5,398.0899963378906,48910700
2025-01-29,TSLA,395.2099914550781,398.5899963378906,384.4800109863281,389.1000061035156,68033600
2025-01-30,TSLA,410.7799987792969,412.5,384.4100036621094,400.2799987792969,98092900
2025-01-31,TSLA,401.5299987792969,419.989990234375,401.3399963378906,404.6000061035156,83283600
2025-02-03,TSLA,386.67999267578125,389.1700134277344,374.3599853515625,383.67999267578125,93732100
2025-02-04,TSLA,382.6300048828125,394.0,381.3999938964844,392.2099914550781,57072200
2025-02-05,TSLA,387.510009765625,388.3900146484375,375.5299987792969,378.1700134277344,57223300
2025-02-06,TSLA,373.0299987792969,375.3999938964844,363.17999267578125,374.32000732421875,77918200
2025-02-07,TSLA,370.19000244140625,380.54998779296875,360.3399963378906,361.6199951171875,70298300
2025-02-10,TSLA,356.2099914550781,362.70001220703125,350.510009765625,350.7300109863281,77514900
2025-02-11,TSLA,345.79998779296875,349.3699951171875,325.1000061035156,328.5,118543400
2025-02-12,TSLA,329.94000244140625,346.3999938964844,329.1199951171875,336.510009765625,105382700
2025-02-13,TSLA,345.0,358.69000244140625,342.8500061035156,355.94000244140625,89441500
2025-02-14,TSLA,360.6199951171875,362.0,347.5,355.8399963378906,68277300
2025-02-18,TSLA,355.010009765625,359.1000061035156,350.0199890136719,354.1099853515625,51631700
2025-02-19,TSLA,354.0,367.3399963378906,353.6700134277344,360.55999755859375,67094400
2025-02-20,TSLA,361.510009765625,362.29998779296875,348.0,354.3999938964844,45965400
2025-02-21,TSLA,353.44000244140625,354.9800109863281,334.4200134277344,337.79998779296875,74058600
2025-02-24,TSLA,338.1400146484375,342.3999938964844,324.70001220703125,330.5299987792969,76052300
2025-02-25,TSLA,327.0199890136719,328.8900146484375,297.25,302.79998779296875,134228800
2025-02-26,TSLA,303.7099914550781,309.0,288.0400085449219,290.79998779296875,100118300
2025-02-27,TSLA,291.1600036621094,297.2300109863281,280.8800048828125,281.95001220703125,101748200
2025-02-28,TSLA,279.5,293.8800048828125,273.6000061035156,292.9800109863281,115697000
2025-03-03,TSLA,300.3399963378906,303.94000244140625,277.29998779296875,284.6499938964844,115551400
2025-03-04,TSLA,270.92999267578125,284.3500061035156,261.8399963378906,272.0400085449219,126706600
2025-03-05,TSLA,272.9200134277344,279.54998779296875,267.7099914550781,279.1000061035156,94042900
2025-03-06,TSLA,272.05999755859375,272.6499938964844,260.0199890136719,263.45001220703125,98451600
2025-03-07,TSLA,259.32000732421875,266.25,250.72999572753906,262.6700134277344,102369600
2025-03-10,TSLA,252.5399932861328,253.3699951171875,220.0,222.14999389648438,189076900
2025-03-11,TSLA,225.30999755859375,237.05999755859375,217.02000427246094,230.5800018310547,174896400
2025-03-12,TSLA,247.22000122070312,251.83999633789062,241.10000610351562,248.08999633789062,142215700
2025-03-13,TSLA,248.1300048828125,248.2899932861328,232.60000610351562,240.67999267578125,114813500
2025-03-14,TSLA,247.30999755859375,251.5800018310547,240.72999572753906,249.97999572753906,100242300
2025-03-17,TSLA,245.05999755859375,245.39999389648438,232.8000030517578,238.00999450683594,111900600
2025-03-18,TSLA,228.16000366210938,230.10000610351562,222.27999877929688,225.30999755859375,111477600
2025-03-19,TSLA,231.61000061035156,241.41000366210938,229.1999969482422,235.86000061035156,111993800
2025-03-20,TSLA,233.35000610351562,238.0,230.0500030517578,236.25999450683594,99028300
2025-03-21,TSLA,234.99000549316406,249.52000427246094,234.5500030517578,248.7100067138672,132728700
2025-03-24,TSLA,258.0799865722656,278.6400146484375,256.3299865722656,278.3900146484375,169079900
2025-03-25,TSLA,283.6000061035156,288.20001220703125,271.2799987792969,288.1400146484375,150361500
2025-03-26,TSLA,282.6600036621094,284.8999938964844,266.510009765625,272.05999755859375,153629800
2025-03-27,TSLA,272.4800109863281,291.8500061035156,271.82000732421875,273.1300048828125,162572100
2025-03-28,TSLA,275.5799865722656,276.1000061035156,260.57000732421875,263.54998779296875,123809400
2025-03-31,TSLA,249.30999755859375,260.55999755859375,243.36000061035156,259.1600036621094,134008900
2025-04-01,TSLA,263.79998779296875,277.45001220703125,259.25,268.4599914550781,146486900
2025-04-02,TSLA,254.60000610351562,284.989990234375,251.27000427246094,282.760009765625,212787800
2025-04-03,TSLA,265.2900085449219,276.29998779296875,261.510009765625,267.2799987792969,136174300
2025-04-04,TSLA,255.3800048828125,261.0,236.0,239.42999267578125,181229400
2025-04-07,TSLA,223.77999877929688,252.0,214.25,233.2899932861328,183453800
2025-04-08,TSLA,245.0,250.44000244140625,217.8000030517578,221.86000061035156,171603500
2025-04-09,TSLA,224.69000244140625,274.69000244140625,223.8800048828125,272.20001220703125,219433400
2025-04-10,TSLA,260.0,262.489990234375,239.3300018310547,252.39999389648438,181722600
2025-04-11,TSLA,251.83999633789062,257.739990234375,241.36000061035156,252.30999755859375,128948100
2025-04-14,TSLA,258.3599853515625,261.79998779296875,245.92999267578125,252.35000610351562,100135200
2025-04-15,TSLA,249.91000366210938,258.75,247.5399932861328,254.11000061035156,79594300
2025-04-16,TSLA,247.61000061035156,251.97000122070312,233.88999938964844,241.5500030517578,112378700
2025-04-17,TSLA,243.47000122070312,244.33999633789062,237.67999267578125,241.3699951171875,83404800
2025-04-21,TSLA,230.25999450683594,232.2100067138672,222.7899932861328,227.5,97768000
2025-04-22,TSLA,230.9600067138672,242.7899932861328,229.85000610351562,237.97000122070312,120858500
2025-04-23,TSLA,254.86000061035156,259.45001220703125,244.42999267578125,250.74000549316406,150381900
2025-04-24,TSLA,250.5,259.5400085449219,249.1999969482422,259.510009765625,94464200
2025-04-25,TSLA,261.69000244140625,286.8500061035156,259.6300048828125,284.95001220703125,167560700
2025-04-28,TSLA,288.9800109863281,294.8599853515625,272.4200134277344,285.8800048828125,151731800
2025-04-29,TSLA,285.5,293.32000732421875,279.4700012207031,292.0299987792969,108906600
2025-04-30,TSLA,279.8999938964844,284.45001220703125,270.7799987792969,282.1600036621094,128961100
2025-05-01,TSLA,280.010009765625,290.8699951171875,279.80999755859375,280.5199890136719,99659000
2025-05-02,TSLA,284.8999938964844,294.7799987792969,279.80999755859375,287.2099914550781,114454700
2025-05-05,TSLA,284.57000732421875,284.8500061035156,274.3999938964844,280.260009765625,94618900
2025-05-06,TSLA,273.1099853515625,277.7300109863281,271.3500061035156,275.3500061035156,76715800
2025-05-07,TSLA,276.8800048828125,277.9200134277344,271.0,276.2200012207031,71592600
2025-05-08,TSLA,279.6300048828125,289.79998779296875,279.4100036621094,284.82000732421875,97539400
2025-05-09,TSLA,290.2099914550781,307.0400085449219,290.0,298.260009765625,132387800
2025-05-12,TSLA,321.989990234375,322.2099914550781,311.5,318.3800048828125,112826700
2025-05-13,TSLA,320.0,337.5899963378906,316.79998779296875,334.07000732421875,136992600
2025-05-14,TSLA,342.5,350.0,337.0,347.67999267578125,136997300
2025-05-15,TSLA,340.3399963378906,346.1400146484375,334.7200012207031,342.82000732421875,97882600
2025-05-16,TSLA,346.239990234375,351.6199951171875,342.3299865722656,349.9800109863281,95895700
2025-05-19,TSLA,336.29998779296875,343.0,333.3699951171875,342.0899963378906,88869900
2025-05-20,TSLA,347.8699951171875,354.989990234375,341.6300048828125,343.82000732421875,131715500
2025-05-21,TSLA,344.42999267578125,347.3500061035156,332.20001220703125,334.6199951171875,102354800
2025-05-22,TSLA,331.8999938964844,347.2699890136719,331.3900146484375,341.0400085449219,97113400
2025-05-23,TSLA,337.9200134277344,343.17999267578125,333.2099914550781,339.3399963378906,84654800
2025-05-27,TSLA,347.3500061035156,363.7900085449219,347.32000732421875,362.8900146484375,120146400
2025-05-28,TSLA,364.8399963378906,365.0,355.9100036621094,356.8999938964844,91404300
2025-05-29,TSLA,365.2900085449219,367.7099914550781,356.0,358.42999267578125,88087800
2025-05-30,TSLA,355.5199890136719,363.67999267578125,345.2900085449219,346.4599914550781,123474900
2025-06-02,TSLA,343.5,348.0199890136719,333.3299865722656,342.69000244140625,81873800
2025-06-03,TSLA,346.6000061035156,355.3999938964844,343.0400085449219,344.2699890136719,99324500
2025-06-04,TSLA,345.1000061035156,345.6000061035156,327.3299865722656,332.04998779296875,98912100
2025-06-05,TSLA,322.489990234375,324.54998779296875,273.2099914550781,284.70001220703125,287499800
2025-06-06,TSLA,298.8299865722656,305.5,291.1400146484375,295.1400146484375,164747700
2025-06-09,TSLA,285.9599914550781,309.8299865722656,281.8500061035156,308.5799865722656,140908900
2025-06-10,TSLA,314.94000244140625,327.8299865722656,310.6700134277344,326.0899963378906,151256500
2025-06-11,TSLA,334.3999938964844,335.5,322.5,326.42999267578125,122611400
2025-06-12,TSLA,323.0799865722656,332.55999755859375,316.8599853515625,319.1099853515625,105127500
2025-06-13,TSLA,313.9700012207031,332.989990234375,313.29998779296875,325.30999755859375,128964300
2025-06-16,TSLA,331.2900085449219,332.04998779296875,326.4100036621094,329.1300048828125,83925900
2025-06-17,TSLA,326.0899963378906,327.260009765625,314.739990234375,316.3500061035156,88282700
2025-06-18,TSLA,317.30999755859375,329.32000732421875,315.45001220703125,322.04998779296875,95137700
2025-06-20,TSLA,327.95001220703125,332.3599853515625,317.7799987792969,322.1600036621094,108688000
2025-06-23,TSLA,327.5400085449219,357.5400085449219,327.4800109863281,348.67999267578125,190716800
2025-06-24,TSLA,356.1700134277344,356.260009765625,340.44000244140625,340.4700012207031,114736200
2025-06-25,TSLA,342.70001220703125,343.0,320.3999938964844,327.54998779296875,119845100
2025-06-26,TSLA,324.6099853515625,331.04998779296875,323.6099853515625,325.7799987792969,80440900
2025-06-27,TSLA,324.510009765625,329.3399963378906,317.5,323.6300048828125,89067000
2025-06-30,TSLA,319.8999938964844,325.5799865722656,316.6000061035156,317.6600036621094,76695100
2025-07-01,TSLA,298.4599914550781,305.8900146484375,293.2099914550781,300.7099914550781,145085700
2025-07-02,TSLA,312.6300048828125,316.8299865722656,303.82000732421875,315.6499938964844,119483700
2025-07-03,TSLA,317.989990234375,318.45001220703125,312.760009765625,315.3500061035156,58042300
2025-07-07,TSLA,291.3699951171875,296.1499938964844,288.7699890136719,293.94000244140625,131177900
2025-07-08,TSLA,297.0,304.04998779296875,294.3500061035156,297.80999755859375,103246700
2025-07-09,TSLA,297.54998779296875,300.1499938964844,293.54998779296875,295.8800048828125,75586800
2025-07-10,TSLA,300.04998779296875,310.4800109863281,300.0,309.8699951171875,104365300
2025-07-11,TSLA,307.8900146484375,314.0899963378906,305.6499938964844,313.510009765625,79236400
2025-07-14,TSLA,317.7300109863281,322.6000061035156,312.6700134277344,316.8999938964844,78043400
2025-07-15,TSLA,319.67999267578125,321.20001220703125,310.5,310.7799987792969,77556300
2025-07-16,TSLA,312.79998779296875,323.5,312.6199951171875,321.6700134277344,97284800
2025-07-17,TSLA,323.1499938964844,324.3399963378906,317.05999755859375,319.4100036621094,73922900
2025-07-18,TSLA,321.6600036621094,330.8999938964844,321.4200134277344,329.6499938964844,94255000
2025-07-21,TSLA,334.3999938964844,338.0,326.8800048828125,328.489990234375,75768800
2025-07-22,TSLA,329.739990234375,335.4100036621094,321.54998779296875,332.1099853515625,77370400
2025-07-23,TSLA,330.8999938964844,336.20001220703125,328.6700134277344,332.55999755859375,92553800
2025-07-24,TSLA,310.0,310.1499938964844,300.4100036621094,305.29998779296875,156966000
2025-07-25,TSLA,308.739990234375,323.6300048828125,308.010009765625,316.05999755859375,148227000
2025-07-28,TSLA,318.45001220703125,330.489990234375,315.69000244140625,325.5899963378906,112673800
2025-07-29,TSLA,325.54998779296875,326.25,318.25,321.20001220703125,87358900
2025-07-30,TSLA,322.17999267578125,324.45001220703125,311.6199951171875,319.0400085449219,83931900
2025-07-31,TSLA,319.6099853515625,321.3699951171875,306.1000061035156,308.2699890136719,85270900
2025-08-01,TSLA,306.2099914550781,309.30999755859375,297.82000732421875,302.6300048828125,89121400
2025-08-04,TSLA,309.0799865722656,312.1199951171875,303.0,309.260009765625,78683900
2025-08-05,TSLA,308.95001220703125,312.45001220703125,305.5,308.7200012207031,57961300
2025-08-06,TSLA,307.8900146484375,320.4700012207031,306.92999267578125,319.9100036621094,78523600
2025-08-07,TSLA,319.7900085449219,322.3999938964844,316.1600036621094,322.2699890136719,66658700
2025-08-08,TSLA,321.42999267578125,335.1499938964844,320.9800109863281,329.6499938964844,91200300
2025-08-11,TSLA,335.0,346.6400146484375,334.1499938964844,339.0299987792969,105320200
2025-08-12,TSLA,345.0,345.260009765625,332.94000244140625,340.8399963378906,80522100
2025-08-13,TSLA,341.5,348.9800109863281,338.20001220703125,339.3800048828125,67838900
2025-08-14,TSLA,335.760009765625,340.4700012207031,330.3999938964844,335.5799865722656,75000700
2025-08-15,TSLA,337.6600036621094,339.29998779296875,327.0199890136719,330.55999755859375,74319800
2025-08-18,TSLA,329.6199951171875,336.2699890136719,329.5899963378906,335.1600036621094,56956600
2025-08-19,TSLA,335.7900085449219,340.54998779296875,327.8500061035156,329.30999755859375,75956000
2025-08-20,TSLA,329.2200012207031,331.3699951171875,314.6000061035156,323.8999938964844,77481800
2025-08-21,TSLA,322.0799865722656,324.8999938964844,318.67999267578125,320.1099853515625,55744400
2025-08-22,TSLA,321.6600036621094,340.25,319.69000244140625,340.010009765625,94016300
2025-08-25,TSLA,338.8999938964844,349.5299987792969,335.0299987792969,346.6000061035156,86670000
2025-08-26,TSLA,344.92999267578125,351.8999938964844,343.7200012207031,351.6700134277344,76651600
2025-08-27,TSLA,351.94000244140625,355.3900146484375,349.1600036621094,349.6000061035156,65519000
2025-08-28,TSLA,350.9100036621094,353.54998779296875,340.260009765625,345.9800109863281,67903200
2025-08-29,TSLA,347.2300109863281,348.75,331.70001220703125,333.8699951171875,81145700
2025-09-02,TSLA,328.2300109863281,333.3299865722656,325.6000061035156,329.3599853515625,58392000
2025-09-03,TSLA,335.20001220703125,343.3299865722656,328.510009765625,334.0899963378906,88733300
2025-09-04,TSLA,336.1499938964844,338.8900146484375,331.4800109863281,338.5299987792969,60711000
2025-09-05,TSLA,348.0,355.8699951171875,344.67999267578125,350.8399963378906,108989800
2025-09-08,TSLA,354.6400146484375,358.44000244140625,344.8399963378906,346.3999938964844,75208300
2025-09-09,TSLA,348.44000244140625,350.7699890136719,343.82000732421875,346.9700012207031,53816000
2025-09-10,TSLA,350.54998779296875,356.3299865722656,346.07000732421875,347.7900085449219,72121700
2025-09-11,TSLA,350.1700134277344,368.989990234375,347.6000061035156,368.80999755859375,103756000
2025-09-12,TSLA,370.94000244140625,396.69000244140625,370.239990234375,395.94000244140625,168156400
2025-09-15,TSLA,423.1300048828125,425.70001220703125,402.42999267578125,410.0400085449219,163823700
2025-09-16,TSLA,414.5,423.25,411.42999267578125,421.6199951171875,104285700
2025-09-17,TSLA,415.75,428.30999755859375,409.6700134277344,425.8599853515625,106133500
2025-09-18,TSLA,428.8699951171875,432.2200012207031,416.55999755859375,416.8500061035156,90454500
2025-09-19,TSLA,421.82000732421875,429.4700012207031,421.7200012207031,426.07000732421875,93131000
2025-09-22,TSLA,431.1099853515625,444.9800109863281,429.1300048828125,434.2099914550781,97108800
2025-09-23,TSLA,439.8800048828125,440.9700012207031,423.7200012207031,425.8500061035156,83422700
2025-09-24,TSLA,429.8299865722656,444.2099914550781,429.0299987792969,442.7900085449219,93133600
2025-09-25,TSLA,435.239990234375,435.3500061035156,419.0799865722656,423.3900146484375,96746400
2025-09-26,TSLA,428.29998779296875,440.4700012207031,421.0199890136719,440.3999938964844,101628200
2025-09-29,TSLA,444.3500061035156,450.9800109863281,439.5,443.2099914550781,79491500
2025-09-30,TSLA,441.5199890136719,445.0,433.1199951171875,444.7200012207031,74358000
2025-10-01,TSLA,443.79998779296875,462.2900085449219,440.75,459.4599914550781,98122300
2025-10-02,TSLA,470.5400085449219,470.75,435.57000732421875,436.0,137009000
2025-10-03,TSLA,443.2900085449219,446.7699890136719,416.5799865722656,429.8299865722656,133188200
2025-10-06,TSLA,440.75,453.54998779296875,436.69000244140625,453.25,85324900
2025-10-07,TSLA,447.82000732421875,452.67999267578125,432.45001220703125,433.0899963378906,102296100
2025-10-08,TSLA,437.57000732421875,441.3299865722656,425.2300109863281,438.69000244140625,71192100
2025-10-09,TSLA,431.80999755859375,436.3500061035156,426.17999267578125,435.5400085449219,69339900
2025-10-10,TSLA,436.5400085449219,443.1300048828125,411.45001220703125,413.489990234375,112107900
2025-10-13,TSLA,423.5299987792969,436.8900146484375,419.70001220703125,435.8999938964844,79552800
2025-10-14,TSLA,426.7900085449219,434.20001220703125,417.8599853515625,429.239990234375,72669400
2025-10-15,TSLA,434.8999938964844,440.510009765625,426.3299865722656,435.1499938964844,71558200
2025-10-16,TSLA,434.7300109863281,439.3500061035156,421.30999755859375,428.75,77189900
2025-10-17,TSLA,425.5,441.4599914550781,423.6000061035156,439.30999755859375,89331600
2025-10-20,TSLA,443.8699951171875,449.79998779296875,440.6099853515625,447.42999267578125,63719000
2025-10-21,TSLA,445.760009765625,449.29998779296875,442.04998779296875,442.6000061035156,54412200
2025-10-22,TSLA,443.45001220703125,445.5400085449219,429.0,438.9700012207031,84023500
2025-10-23,TSLA,420.0,449.3999938964844,413.8999938964844,448.9800109863281,126709800
2025-10-24,TSLA,446.8299865722656,451.67999267578125,430.1700134277344,433.7200012207031,94727800
2025-10-27,TSLA,439.9800109863281,460.1600036621094,438.69000244140625,452.4200134277344,105867500
2025-10-28,TSLA,454.7799987792969,467.0,451.6000061035156,460.54998779296875,80185700
2025-10-29,TSLA,462.5,465.70001220703125,452.6499938964844,461.510009765625,67983500
2025-10-30,TSLA,451.04998779296875,455.05999755859375,439.6099853515625,440.1000061035156,72447900
2025-10-31,TSLA,446.75,458.0,443.69000244140625,456.55999755859375,83135800
2025-11-03,TSLA,455.989990234375,474.07000732421875,453.79998779296875,468.3699951171875,84595200
2025-11-04,TSLA,454.4599914550781,460.2200012207031,443.6000061035156,444.260009765625,87756600
2025-11-05,TSLA,452.04998779296875,466.3299865722656,440.7099914550781,462.07000732421875,85573000
2025-11-06,TSLA,461.9599914550781,467.45001220703125,435.0899963378906,445.9100036621094,109622900
2025-11-07,TSLA,437.9200134277344,439.3599853515625,421.8800048828125,429.5199890136719,103471500
2025-11-10,TSLA,439.6000061035156,449.6700134277344,433.3599853515625,445.2300109863281,76515900
2025-11-11,TSLA,439.3999938964844,442.489990234375,432.3599853515625,439.6199951171875,60533200
2025-11-12,TSLA,442.1499938964844,442.3299865722656,426.55999755859375,430.6000061035156,58513500
2025-11-13,TSLA,423.1300048828125,424.5,396.3399963378906,401.989990234375,118948000
2025-11-14,TSLA,386.29998779296875,412.19000244140625,382.7799987792969,404.3500061035156,105506700
2025-11-17,TSLA,398.739990234375,423.9599914550781,398.739990234375,408.9200134277344,102214300
2025-11-18,TSLA,405.3800048828125,408.8999938964844,393.7099914550781,401.25,80318700
2025-11-19,TSLA,406.2099914550781,411.7799987792969,400.401611328125,409.9649963378906,18303349
2024-11-20,NVDA,147.41000366210938,147.55999755859375,142.72999572753906,145.88999938964844,309871700
2024-11-21,NVDA,149.35000610351562,152.88999938964844,140.6999969482422,146.6699981689453,400946600
2024-11-22,NVDA,145.92999267578125,147.16000366210938,141.10000610351562,141.9499969482422,236406200
2024-11-25,NVDA,141.99000549316406,142.0500030517578,135.82000732421875,136.02000427246094,344941900
2024-11-26,NVDA,137.6999969482422,139.3000030517578,135.6699981689453,136.9199981689453,190287700
2024-11-27,NVDA,135.00999450683594,137.22000122070312,131.8000030517578,135.33999633789062,226370900
2024-11-29,NVDA,136.77999877929688,139.35000610351562,136.0500030517578,138.25,141863200
2024-12-02,NVDA,138.8300018310547,140.4499969482422,137.82000732421875,138.6300048828125,171682800
2024-12-03,NVDA,138.25999450683594,140.5399932861328,137.9499969482422,140.25999450683594,164414000
2024-12-04,NVDA,142.0,145.7899932861328,140.2899932861328,145.13999938964844,231224300
2024-12-05,NVDA,145.11000061035156,146.5399932861328,143.9499969482422,145.05999755859375,172621200
2024-12-06,NVDA,144.60000610351562,145.6999969482422,141.30999755859375,142.44000244140625,188505600
2024-12-09,NVDA,138.97000122070312,139.9499969482422,137.1300048828125,138.80999755859375,189308600
2024-12-10,NVDA,139.00999450683594,141.82000732421875,133.7899932861328,135.07000732421875,210020900
2024-12-11,NVDA,137.36000061035156,140.1699981689453,135.2100067138672,139.30999755859375,184905200
2024-12-12,NVDA,137.0800018310547,138.44000244140625,135.8000030517578,137.33999633789062,159211400
2024-12-13,NVDA,138.94000244140625,139.60000610351562,132.5399932861328,134.25,231514900
2024-12-16,NVDA,134.17999267578125,134.39999389648438,130.4199981689453,132.0,237951100
2024-12-17,NVDA,129.08999633789062,131.58999633789062,126.86000061035156,130.38999938964844,259410300
2024-12-18,NVDA,133.86000061035156,136.6999969482422,128.27999877929688,128.91000366210938,277444500
2024-12-19,NVDA,131.75999450683594,134.02999877929688,129.5500030517578,130.67999267578125,209719200
2024-12-20,NVDA,129.80999755859375,135.27999877929688,128.22000122070312,134.6999969482422,306528600
2024-12-23,NVDA,136.27999877929688,139.7899932861328,135.1199951171875,139.6699981689453,176053500
2024-12-24,NVDA,140.0,141.89999389648438,138.64999389648438,140.22000122070312,105157000
2024-12-26,NVDA,139.6999969482422,140.85000610351562,137.72999572753906,139.92999267578125,116205600
2024-12-27,NVDA,138.5500030517578,139.02000427246094,134.7100067138672,137.00999450683594,170582600
2024-12-30,NVDA,134.8300018310547,140.27000427246094,134.02000427246094,137.49000549316406,167734700
2024-12-31,NVDA,138.02999877929688,138.07000732421875,133.8300018310547,134.2899932861328,155659200
2025-01-02,NVDA,136.0,138.8800048828125,134.6300048828125,138.30999755859375,198247200
2025-01-03,NVDA,140.00999450683594,144.89999389648438,139.72999572753906,144.47000122070312,229322500
2025-01-06,NVDA,148.58999633789062,152.16000366210938,147.82000732421875,149.42999267578125,265377400
2025-01-07,NVDA,153.02999877929688,153.1300048828125,140.00999450683594,140.13999938964844,351782200
2025-01-08,NVDA,142.5800018310547,143.9499969482422,137.55999755859375,140.11000061035156,227349900
2025-01-10,NVDA,137.4499969482422,139.9199981689453,134.22000122070312,135.91000366210938,207602500
2025-01-13,NVDA,129.99000549316406,133.49000549316406,129.50999450683594,133.22999572753906,204808900
2025-01-14,NVDA,136.0500030517578,136.3800048828125,130.0500030517578,131.75999450683594,195590500
2025-01-15,NVDA,133.64999389648438,136.4499969482422,131.2899932861328,136.24000549316406,185217300
2025-01-16,NVDA,138.63999938964844,138.75,133.49000549316406,133.57000732421875,209235600
2025-01-17,NVDA,136.69000244140625,138.5,135.4600067138672,137.7100067138672,201188800
2025-01-21,NVDA,139.16000366210938,141.8300018310547,137.08999633789062,140.8300018310547,197749000
2025-01-22,NVDA,144.66000366210938,147.7899932861328,143.6699981689453,147.07000732421875,237651400
2025-01-23,NVDA,145.0500030517578,147.22999572753906,143.72000122070312,147.22000122070312,155915500
2025-01-24,NVDA,148.3699951171875,148.97000122070312,141.8800048828125,142.6199951171875,234657600
2025-01-27,NVDA,124.80000305175781,128.39999389648438,116.69999694824219,118.41999816894531,818830900
2025-01-28,NVDA,121.80999755859375,129.0,116.25,128.99000549316406,579666400
2025-01-29,NVDA,126.5,126.88999938964844,120.05000305175781,123.69999694824219,467120600
2025-01-30,NVDA,123.0999984741211,125.0,118.0999984741211,124.6500015258789,392925500
2025-01-31,NVDA,123.77999877929688,127.8499984741211,119.19000244140625,120.06999969482422,388161100
2025-02-03,NVDA,114.75,118.56999969482422,113.01000213623047,116.66000366210938,371235700
2025-02-04,NVDA,116.95999908447266,121.19999694824219,116.69999694824219,118.6500015258789,256550000
2025-02-05,NVDA,121.76000213623047,125.0,120.76000213623047,124.83000183105469,262230800
2025-02-06,NVDA,127.41999816894531,128.77000427246094,125.20999908447266,128.67999267578125,251483600
2025-02-07,NVDA,129.22000122070312,130.3699951171875,125.0,129.83999633789062,228186300
2025-02-10,NVDA,130.08999633789062,135.0,129.9600067138672,133.57000732421875,216989100
2025-02-11,NVDA,132.5800018310547,134.47999572753906,131.02000427246094,132.8000030517578,178902400
2025-02-12,NVDA,130.02000427246094,132.24000549316406,129.0800018310547,131.13999938964844,160278600
2025-02-13,NVDA,131.55999755859375,136.5,131.1699981689453,135.2899932861328,197430000
2025-02-14,NVDA,136.47999572753906,139.25,135.5,138.85000610351562,195479600
2025-02-18,NVDA,141.27000427246094,143.44000244140625,137.92999267578125,139.39999389648438,219176600
2025-02-19,NVDA,139.50999450683594,141.36000061035156,137.22000122070312,139.22999572753906,167536000
2025-02-20,NVDA,140.02999877929688,140.66000366210938,136.7899932861328,140.11000061035156,143903600
2025-02-21,NVDA,140.0399932861328,141.4600067138672,134.02999877929688,134.42999267578125,228217600
2025-02-24,NVDA,136.55999755859375,138.58999633789062,130.0800018310547,130.27999877929688,251381100
2025-02-25,NVDA,129.97999572753906,130.1999969482422,124.44000244140625,126.62999725341797,271428700
2025-02-26,NVDA,129.99000549316406,133.72999572753906,128.49000549316406,131.27999877929688,322553800
2025-02-27,NVDA,135.0,135.00999450683594,120.01000213623047,120.1500015258789,443175800
2025-02-28,NVDA,118.0199966430664,125.08999633789062,116.4000015258789,124.91999816894531,389091100
2025-03-03,NVDA,123.51000213623047,123.69999694824219,112.27999877929688,114.05999755859375,411381400
2025-03-04,NVDA,110.6500015258789,119.30999755859375,110.11000061035156,115.98999786376953,398163300
2025-03-05,NVDA,117.58000183105469,118.27999877929688,114.51000213623047,117.30000305175781,284337900
2025-03-06,NVDA,113.52999877929688,115.3499984741211,110.22000122070312,110.56999969482422,321181900
2025-03-07,NVDA,111.25,113.4800033569336,107.55999755859375,112.69000244140625,341755500
2025-03-10,NVDA,109.9000015258789,111.8499984741211,105.45999908447266,106.9800033569336,366487400
2025-03-11,NVDA,106.98999786376953,112.23999786376953,104.7699966430664,108.76000213623047,354865700
2025-03-12,NVDA,114.12000274658203,116.76000213623047,112.87999725341797,115.73999786376953,323857500
2025-03-13,NVDA,117.02999877929688,117.76000213623047,113.79000091552734,115.58000183105469,299033100
2025-03-14,NVDA,118.61000061035156,121.87999725341797,118.1500015258789,121.66999816894531,277593500
2025-03-17,NVDA,122.73999786376953,122.88999938964844,118.02999877929688,119.52999877929688,255501500
2025-03-18,NVDA,118.0,119.0199966430664,114.54000091552734,115.43000030517578,299686900
2025-03-19,NVDA,117.2699966430664,120.44999694824219,115.68000030517578,117.5199966430664,273426200
2025-03-20,NVDA,116.55000305175781,120.19999694824219,116.47000122070312,118.52999877929688,248829700
2025-03-21,NVDA,116.94000244140625,117.98999786376953,115.41999816894531,117.69999694824219,266498500
2025-03-24,NVDA,119.87999725341797,122.22000122070312,119.33999633789062,121.41000366210938,228452500
2025-03-25,NVDA,120.55000305175781,121.29000091552734,118.91999816894531,120.69000244140625,167447200
2025-03-26,NVDA,118.7300033569336,118.83999633789062,112.70999908447266,113.76000213623047,293463300
2025-03-27,NVDA,111.3499984741211,114.44999694824219,110.66000366210938,111.43000030517578,236902100
2025-03-28,NVDA,111.48999786376953,112.87000274658203,109.06999969482422,109.66999816894531,229872500
2025-03-31,NVDA,105.12999725341797,110.95999908447266,103.6500015258789,108.37999725341797,299212700
2025-04-01,NVDA,108.5199966430664,110.19999694824219,106.47000122070312,110.1500015258789,222614000
2025-04-02,NVDA,107.29000091552734,111.9800033569336,106.79000091552734,110.41999816894531,220601200
2025-04-03,NVDA,103.51000213623047,105.62999725341797,101.5999984741211,101.80000305175781,338769400
2025-04-04,NVDA,98.91000366210938,100.12999725341797,92.11000061035156,94.30999755859375,532273800
2025-04-07,NVDA,87.45999908447266,101.75,86.62000274658203,97.63999938964844,611041300
2025-04-08,NVDA,103.80999755859375,105.8499984741211,94.45999908447266,96.30000305175781,476243400
2025-04-09,NVDA,98.88999938964844,115.0999984741211,97.52999877929688,114.33000183105469,612918300
2025-04-10,NVDA,109.37000274658203,110.86000061035156,99.1500015258789,107.56999969482422,437812400
2025-04-11,NVDA,108.5,111.55000305175781,107.4800033569336,110.93000030517578,313417300
2025-04-14,NVDA,114.11000061035156,114.29000091552734,109.06999969482422,110.70999908447266,264705000
2025-04-15,NVDA,110.97000122070312,113.62000274658203,110.5,112.19999694824219,228966900
2025-04-16,NVDA,104.55000305175781,106.79000091552734,100.44999694824219,104.48999786376953,397016900
2025-04-17,NVDA,104.44999694824219,104.47000122070312,100.05000305175781,101.48999786376953,292517500
2025-04-21,NVDA,98.7699966430664,99.44000244140625,95.04000091552734,96.91000366210938,288501100
2025-04-22,NVDA,98.77999877929688,99.80999755859375,97.27999877929688,98.88999938964844,241004800
2025-04-23,NVDA,104.5199966430664,104.80000305175781,102.0199966430664,102.70999908447266,247526000
2025-04-24,NVDA,103.4800033569336,106.54000091552734,103.11000061035156,106.43000030517578,220815000
2025-04-25,NVDA,106.8499984741211,111.91999816894531,105.7300033569336,111.01000213623047,251064700
2025-04-28,NVDA,109.69000244140625,110.37000274658203,106.0199966430664,108.7300033569336,207708500
2025-04-29,NVDA,107.66999816894531,110.19999694824219,107.44000244140625,109.0199966430664,170444300
2025-04-30,NVDA,104.47000122070312,108.91999816894531,104.08000183105469,108.91999816894531,235044600
2025-05-01,NVDA,113.08000183105469,114.94000244140625,111.30000305175781,111.61000061035156,236121500
2025-05-02,NVDA,114.18000030517578,115.4000015258789,113.37000274658203,114.5,190194800
2025-05-05,NVDA,112.91000366210938,114.66999816894531,112.66000366210938,113.81999969482422,133163200
2025-05-06,NVDA,111.4800033569336,114.73999786376953,110.81999969482422,113.54000091552734,158525600
2025-05-07,NVDA,113.05000305175781,117.68000030517578,112.27999877929688,117.05999755859375,206758800
2025-05-08,NVDA,118.25,118.68000030517578,115.8499984741211,117.37000274658203,198428100
2025-05-09,NVDA,117.3499984741211,118.2300033569336,115.20999908447266,116.6500015258789,132972200
2025-05-12,NVDA,121.97000122070312,123.0,120.27999877929688,123.0,225023300
2025-05-13,NVDA,124.9800033569336,131.22000122070312,124.47000122070312,129.92999267578125,330430100
2025-05-14,NVDA,133.1999969482422,135.44000244140625,131.67999267578125,135.33999633789062,281180800
2025-05-15,NVDA,134.2899932861328,136.3000030517578,132.66000366210938,134.8300018310547,226632600
2025-05-16,NVDA,136.22000122070312,136.35000610351562,133.4600067138672,135.39999389648438,226542500
2025-05-19,NVDA,132.38999938964844,135.8699951171875,132.38999938964844,135.57000732421875,193154600
2025-05-20,NVDA,134.2899932861328,134.5800018310547,132.6199951171875,134.3800048828125,161514200
2025-05-21,NVDA,133.05999755859375,137.39999389648438,130.58999633789062,131.8000030517578,270608700
2025-05-22,NVDA,132.22999572753906,134.25,131.5500030517578,132.8300018310547,187344000
2025-05-23,NVDA,130.0,132.67999267578125,129.16000366210938,131.2899932861328,198821300
2025-05-27,NVDA,134.14999389648438,135.66000366210938,133.30999755859375,135.5,192953600
2025-05-28,NVDA,136.02999877929688,137.25,134.7899932861328,134.80999755859375,304021100
2025-05-29,NVDA,142.25,143.49000549316406,137.91000366210938,139.19000244140625,369241900
2025-05-30,NVDA,138.72000122070312,139.6199951171875,132.9199981689453,135.1300048828125,333170900
2025-06-02,NVDA,135.49000549316406,138.1199951171875,135.39999389648438,137.3800048828125,197663100
2025-06-03,NVDA,138.77999877929688,142.0,137.9499969482422,141.22000122070312,225578800
2025-06-04,NVDA,142.19000244140625,142.38999938964844,139.5399932861328,141.9199981689453,167120800
2025-06-05,NVDA,142.1699981689453,144.0,138.8300018310547,139.99000549316406,231397900
2025-06-06,NVDA,142.50999450683594,143.27000427246094,141.50999450683594,141.72000122070312,153986200
2025-06-09,NVDA,143.19000244140625,145.0,141.94000244140625,142.6300048828125,185114500
2025-06-10,NVDA,142.69000244140625,144.2899932861328,141.52999877929688,143.9600067138672,155881900
2025-06-11,NVDA,144.61000061035156,144.99000549316406,141.8699951171875,142.8300018310547,167694000
2025-06-12,NVDA,141.97000122070312,145.0,141.85000610351562,145.0,162365000
2025-06-13,NVDA,142.47999572753906,143.5800018310547,140.85000610351562,141.97000122070312,180820600
2025-06-16,NVDA,143.35000610351562,146.17999267578125,143.1999969482422,144.69000244140625,183133700
2025-06-17,NVDA,144.49000549316406,145.22000122070312,143.77999877929688,144.1199951171875,139108000
2025-06-18,NVDA,144.00999450683594,145.64999389648438,143.1199951171875,145.47999572753906,161494100
2025-06-20,NVDA,145.4499969482422,146.1999969482422,142.64999389648438,143.85000610351562,242956200
2025-06-23,NVDA,142.5,144.77999877929688,142.02999877929688,144.1699981689453,154308900
2025-06-24,NVDA,145.55999755859375,147.9600067138672,145.5,147.89999389648438,187566100
2025-06-25,NVDA,149.27000427246094,154.4499969482422,149.25999450683594,154.30999755859375,269146500
2025-06-26,NVDA,155.97999572753906,156.72000122070312,154.0,155.02000427246094,198145700
2025-06-27,NVDA,156.0399932861328,158.7100067138672,155.25999450683594,157.75,263234500
2025-06-30,NVDA,158.39999389648438,158.66000366210938,155.9600067138672,157.99000549316406,194580300
2025-07-01,NVDA,156.2899932861328,157.1999969482422,151.49000549316406,153.3000030517578,213143600
2025-07-02,NVDA,152.97999572753906,157.60000610351562,152.97000122070312,157.25,171224100
2025-07-03,NVDA,158.3699951171875,160.97999572753906,157.77000427246094,159.33999633789062,143716100
2025-07-07,NVDA,158.1999969482422,159.30999755859375,157.33999633789062,158.24000549316406,140139000
2025-07-08,NVDA,159.3300018310547,160.22000122070312,158.38999938964844,160.0,138133000
2025-07-09,NVDA,161.22000122070312,164.4199981689453,161.16000366210938,162.8800048828125,183656400
2025-07-10,NVDA,164.32000732421875,164.5,161.61000061035156,164.10000610351562,167704100
2025-07-11,NVDA,163.72000122070312,167.88999938964844,163.47000122070312,164.9199981689453,193633300
2025-07-14,NVDA,165.3699951171875,165.49000549316406,162.02000427246094,164.07000732421875,136975800
2025-07-15,NVDA,171.19000244140625,172.39999389648438,169.1999969482422,170.6999969482422,230627400
2025-07-16,NVDA,171.05999755859375,171.75,168.89999389648438,171.3699951171875,158831500
2025-07-17,NVDA,172.02000427246094,174.16000366210938,170.8300018310547,173.0,160841100
2025-07-18,NVDA,173.63999938964844,174.25,171.25999450683594,172.41000366210938,146456400
2025-07-21,NVDA,172.75,173.3800048828125,171.0,171.3800048828125,123126100
2025-07-22,NVDA,171.33999633789062,171.38999938964844,164.5800018310547,167.02999877929688,193114300
2025-07-23,NVDA,169.52999877929688,171.25999450683594,167.97000122070312,170.77999877929688,154082200
2025-07-24,NVDA,172.44000244140625,173.8300018310547,171.3000030517578,173.74000549316406,128984600
2025-07-25,NVDA,173.61000061035156,174.72000122070312,172.9600067138672,173.5,122316800
2025-07-28,NVDA,174.02000427246094,177.0,173.97000122070312,176.75,140023500
2025-07-29,NVDA,177.9600067138672,179.3800048828125,175.02000427246094,175.50999450683594,154077500
2025-07-30,NVDA,176.50999450683594,179.88999938964844,176.0399932861328,179.27000427246094,174312200
2025-07-31,NVDA,182.89999389648438,183.3000030517578,175.92999267578125,177.8699951171875,221685400
2025-08-01,NVDA,174.08999633789062,176.5399932861328,170.88999938964844,173.72000122070312,204529000
2025-08-04,NVDA,175.16000366210938,180.1999969482422,174.52000427246094,180.0,148174600
2025-08-05,NVDA,179.6199951171875,180.25999450683594,175.89999389648438,178.25999450683594,156407600
2025-08-06,NVDA,176.3300018310547,179.89999389648438,176.25,179.4199981689453,137192300
2025-08-07,NVDA,181.57000732421875,183.8800048828125,178.8000030517578,180.77000427246094,151878400
2025-08-08,NVDA,181.5500030517578,183.3000030517578,180.39999389648438,182.6999969482422,123396700
2025-08-11,NVDA,182.0500030517578,183.83999633789062,180.25,182.05999755859375,138323200
2025-08-12,NVDA,182.9600067138672,184.47999572753906,179.4600067138672,183.16000366210938,145485700
2025-08-13,NVDA,182.6199951171875,183.97000122070312,179.35000610351562,181.58999633789062,179871700
2025-08-14,NVDA,179.75,183.02000427246094,179.4600067138672,182.02000427246094,129554000
2025-08-15,NVDA,181.8800048828125,181.89999389648438,178.0399932861328,180.4499969482422,156602200
2025-08-18,NVDA,180.60000610351562,182.94000244140625,180.58999633789062,182.00999450683594,132008000
2025-08-19,NVDA,182.42999267578125,182.5,175.49000549316406,175.63999938964844,185229200
2025-08-20,NVDA,175.1699981689453,176.0,168.8000030517578,175.39999389648438,215142700
2025-08-21,NVDA,174.85000610351562,176.89999389648438,173.80999755859375,174.97999572753906,140040900
2025-08-22,NVDA,172.61000061035156,178.58999633789062,171.1999969482422,177.99000549316406,172789400
2025-08-25,NVDA,178.35000610351562,181.91000366210938,176.57000732421875,179.80999755859375,163012800
2025-08-26,NVDA,180.05999755859375,182.38999938964844,178.80999755859375,181.77000427246094,168688200
2025-08-27,NVDA,181.97999572753906,182.49000549316406,179.10000610351562,181.60000610351562,235518900
2025-08-28,NVDA,180.82000732421875,184.47000122070312,176.41000366210938,180.1699981689453,281787800
2025-08-29,NVDA,178.11000061035156,178.14999389648438,173.14999389648438,174.17999267578125,243257900
2025-09-02,NVDA,170.0,172.3800048828125,167.22000122070312,170.77999877929688,231164900
2025-09-03,NVDA,171.05999755859375,172.41000366210938,168.8800048828125,170.6199951171875,164424900
2025-09-04,NVDA,170.57000732421875,171.86000061035156,169.41000366210938,171.66000366210938,141670100
2025-09-05,NVDA,168.02999877929688,169.02999877929688,164.07000732421875,167.02000427246094,224441400
2025-09-08,NVDA,167.5500030517578,170.9600067138672,167.35000610351562,168.30999755859375,163769100
2025-09-09,NVDA,169.08999633789062,170.97999572753906,166.74000549316406,170.75999450683594,157548400
2025-09-10,NVDA,176.63999938964844,179.2899932861328,175.47000122070312,177.3300018310547,226852000
2025-09-11,NVDA,179.67999267578125,180.27999877929688,176.47999572753906,177.1699981689453,151159300
2025-09-12,NVDA,177.77000427246094,178.60000610351562,176.4499969482422,177.82000732421875,124911000
2025-09-15,NVDA,175.6699981689453,178.85000610351562,174.50999450683594,177.75,147061600
2025-09-16,NVDA,177.0,177.5,174.3800048828125,174.8800048828125,140737800
2025-09-17,NVDA,172.63999938964844,173.1999969482422,168.41000366210938,170.2899932861328,211843800
2025-09-18,NVDA,173.97999572753906,177.10000610351562,172.9600067138672,176.24000549316406,191763300
2025-09-19,NVDA,175.77000427246094,178.0800018310547,175.17999267578125,176.6699981689453,237182100
2025-09-22,NVDA,175.3000030517578,184.5500030517578,174.7100067138672,183.61000061035156,269637000
2025-09-23,NVDA,181.97000122070312,182.4199981689453,176.2100067138672,178.42999267578125,192559600
2025-09-24,NVDA,179.77000427246094,179.77999877929688,175.39999389648438,176.97000122070312,143564100
2025-09-25,NVDA,174.47999572753906,180.25999450683594,173.1300048828125,177.69000244140625,191586700
2025-09-26,NVDA,178.1699981689453,179.77000427246094,174.92999267578125,178.19000244140625,148573700
2025-09-29,NVDA,180.42999267578125,184.0,180.32000732421875,181.85000610351562,193063500
2025-09-30,NVDA,182.0800018310547,187.35000610351562,181.47999572753906,186.5800018310547,236981000
2025-10-01,NVDA,185.24000549316406,188.13999938964844,183.89999389648438,187.24000549316406,173844900
2025-10-02,NVDA,189.60000610351562,191.0500030517578,188.05999755859375,188.88999938964844,136805800
2025-10-03,NVDA,189.19000244140625,190.36000061035156,185.3800048828125,187.6199951171875,137596900
2025-10-06,NVDA,185.5,187.22999572753906,183.3300018310547,185.5399932861328,157678100
2025-10-07,NVDA,186.22999572753906,189.05999755859375,184.0,185.0399932861328,140088000
2025-10-08,NVDA,186.57000732421875,189.60000610351562,186.5399932861328,189.11000061035156,130168900
2025-10-09,NVDA,192.22999572753906,195.3000030517578,191.05999755859375,192.57000732421875,182997200
2025-10-10,NVDA,193.50999450683594,195.6199951171875,182.0500030517578,183.16000366210938,268774400
2025-10-13,NVDA,187.97000122070312,190.11000061035156,185.9600067138672,188.32000732421875,153482800
2025-10-14,NVDA,184.77000427246094,184.8000030517578,179.6999969482422,180.02999877929688,205641400
2025-10-15,NVDA,184.8000030517578,184.8699951171875,177.2899932861328,179.8300018310547,214450500
2025-10-16,NVDA,182.22999572753906,183.27999877929688,179.77000427246094,181.80999755859375,179723300
2025-10-17,NVDA,180.17999267578125,184.10000610351562,179.75,183.22000122070312,173135200
2025-10-20,NVDA,183.1300048828125,185.1999969482422,181.72999572753906,182.63999938964844,128544700
2025-10-21,NVDA,182.7899932861328,182.7899932861328,179.8000030517578,181.16000366210938,124240200
2025-10-22,NVDA,181.13999938964844,183.44000244140625,176.75999450683594,180.27999877929688,162249600
2025-10-23,NVDA,180.4199981689453,183.02999877929688,179.7899932861328,182.16000366210938,111363700
2025-10-24,NVDA,183.83999633789062,187.47000122070312,183.5,186.25999450683594,131296700
2025-10-27,NVDA,189.99000549316406,192.0,188.42999267578125,191.49000549316406,153452700
2025-10-28,NVDA,193.0500030517578,203.14999389648438,191.91000366210938,201.02999877929688,297986200
2025-10-29,NVDA,207.97999572753906,212.19000244140625,204.77999877929688,207.0399932861328,308829600
2025-10-30,NVDA,205.14999389648438,206.16000366210938,201.41000366210938,202.88999938964844,178864400
2025-10-31,NVDA,206.4499969482422,207.97000122070312,202.07000732421875,202.49000549316406,179802200
2025-11-03,NVDA,208.0800018310547,211.33999633789062,205.55999755859375,206.8800048828125,180267300
2025-11-04,NVDA,203.0,203.97000122070312,197.92999267578125,198.69000244140625,188919300
2025-11-05,NVDA,198.77000427246094,202.9199981689453,194.64999389648438,195.2100067138672,171350300
2025-11-06,NVDA,196.4199981689453,197.6199951171875,186.3800048828125,188.0800018310547,223029800
2025-11-07,NVDA,184.89999389648438,188.32000732421875,178.91000366210938,188.14999389648438,264942300
2025-11-10,NVDA,195.11000061035156,199.94000244140625,193.7899932861328,199.0500030517578,198897100
2025-11-11,NVDA,195.16000366210938,195.4199981689453,191.3000030517578,193.16000366210938,176483300
2025-11-12,NVDA,195.72000122070312,195.88999938964844,191.1300048828125,193.8000030517578,154935300
2025-11-13,NVDA,191.0500030517578,191.44000244140625,183.85000610351562,186.86000061035156,207423100
2025-11-14,NVDA,182.86000061035156,191.00999450683594,180.5800018310547,190.1699981689453,186591900
2025-11-17,NVDA,185.97000122070312,189.0,184.32000732421875,186.60000610351562,173628900
2025-11-18,NVDA,183.3800048828125,184.8000030517578,179.64999389648438,181.36000061035156,212533500
2025-11-19,NVDA,184.8000030517578,187.80999755859375,183.27999877929688,187.57000732421875,48863696
